{
    "parent": "item/handheld",
    "textures": {
        "layer0": "item/golden_axe"
    },
    "overrides": [
        {
            "predicate": {
                "damaged": 1,
                "damage": 0.25
            },
            "model": "item/gold_axe/gold_axe_02"
        },
        {
            "predicate": {
                "damaged": 1,
                "damage": 0.5
            },
            "model": "item/gold_axe/gold_axe_03"
        },
        {
            "predicate": {
                "damaged": 1,
                "damage": 0.75
            },
            "model": "item/gold_axe/gold_axe_04"
        }
    ]
}