{
    "parent": "item/handheld",
    "textures": {
        "layer0": "item/stone_shovel"
    },
    "overrides": [
        {
            "predicate": {
                "damaged": 1,
                "damage": 0.25
            },
            "model": "item/stone_shovel/stone_shovel_02"
        },
        {
            "predicate": {
                "damaged": 1,
                "damage": 0.5
            },
            "model": "item/stone_shovel/stone_shovel_03"
        },
        {
            "predicate": {
                "damaged": 1,
                "damage": 0.75
            },
            "model": "item/stone_shovel/stone_shovel_04"
        }
    ]
}