{
    "parent": "item/handheld",
    "textures": {
        "layer0": "item/stone_sword"
    },
    "overrides": [
        {
            "predicate": {
                "damaged": 1,
                "damage": 0.25
            },
            "model": "item/stone_sword/stone_sword_1"
        },
        {
            "predicate": {
                "damaged": 1,
                "damage": 0.5
            },
            "model": "item/stone_sword/stone_sword_2"
        },
        {
            "predicate": {
                "damaged": 1,
                "damage": 0.75
            },
            "model": "item/stone_sword/stone_sword_3"
        }
    ]
}