{
    "parent": "item/handheld",
    "textures": {
        "layer0": "item/wooden_pickaxe"
    },
    "overrides": [
        {
            "predicate": {
                "damaged": 1,
                "damage": 0.25
            },
            "model": "item/wooden_pickaxe/wooden_pickaxe_02"
        },
        {
            "predicate": {
                "damaged": 1,
                "damage": 0.5
            },
            "model": "item/wooden_pickaxe/wooden_pickaxe_03"
        },
        {
            "predicate": {
                "damaged": 1,
                "damage": 0.75
            },
            "model": "item/wooden_pickaxe/wooden_pickaxe_04"
        }
    ]
}